{
  "extraction_guidance_rules": [
    {
      "rule_id": "RAG-response_format_passive_voice",
      "title": "Passive Voice Response Format Guidelines",
      "description": "Guidelines for AI responses when converting passive voice to active voice",
      "content": "When converting passive voice to active voice, use this format:\n\nFORMAT: 'Active Voice: [subject] [active verb] [object].'\n\nExamples:\n- Original: 'The file was uploaded by the user.'\n- Response: 'Active Voice: The user uploaded the file.'\n\n- Original: 'The system can be configured by administrators.'\n- Response: 'Active Voice: Administrators configure the system.'\n\n- Original: 'The data is processed by the algorithm.'\n- Response: 'Active Voice: The algorithm processes the data.'\n\nKey patterns:\n1. Identify the agent (who performs the action)\n2. Use active verb form (uploaded, not 'was uploaded')\n3. Place agent as subject\n4. Use present tense when possible\n5. Maintain original meaning",
      "category": "passive_voice_extraction",
      "priority": "high",
      "extraction_pattern": "Active Voice:",
      "rewrite_policy": "convert_passive_to_active_with_format"
    },
    {
      "rule_id": "RAG-passive_extraction_patterns",
      "title": "Passive Voice Extraction Patterns",
      "description": "Common patterns for extracting passive voice conversions from AI responses",
      "content": "EXTRACTION PATTERNS for passive voice responses:\n\n1. FORMAT MARKERS:\n   - 'Active Voice: [conversion]'\n   - 'Rewrite: [conversion]'\n   - 'Convert to: [conversion]'\n\n2. BRACKET PATTERNS:\n   - '[agent] [verb] [object]' → 'agent verb object'\n   - Example: '[user] uploads [file]' → 'user uploads file'\n\n3. QUOTED CONVERSIONS:\n   - Direct quoted active voice versions\n   - Example: \"The user uploaded the file.\"\n\n4. PASSIVE INDICATORS TO REMOVE:\n   - 'was/were + past participle'\n   - 'is/are + past participle' \n   - 'can be + past participle'\n   - 'has been + past participle'\n\n5. ACTIVE CONVERSION RULES:\n   - Move agent to subject position\n   - Change passive verb to active form\n   - Maintain tense when possible\n   - Remove unnecessary prepositions ('by')",
      "category": "passive_voice_extraction", 
      "priority": "high",
      "extraction_guidance": "multiple_patterns",
      "fallback_strategy": "bracket_removal_then_cleanup"
    },
    {
      "rule_id": "RAG-common_passive_constructions",
      "title": "Common Passive Voice Constructions and Conversions", 
      "description": "Comprehensive guide to passive voice patterns and their active conversions",
      "content": "PASSIVE VOICE CONSTRUCTION PATTERNS:\n\n1. WAS/WERE + PAST PARTICIPLE:\n   - 'The file was uploaded by the user' → 'The user uploaded the file'\n   - 'The reports were generated by the system' → 'The system generated the reports'\n   - 'The data was processed automatically' → 'The system processed the data automatically'\n\n2. IS/ARE + PAST PARTICIPLE:\n   - 'The data is processed by the algorithm' → 'The algorithm processes the data'\n   - 'The files are stored in the database' → 'The database stores the files'\n\n3. CAN BE + PAST PARTICIPLE:\n   - 'The system can be configured by administrators' → 'Administrators can configure the system'\n   - 'The settings can be modified by users' → 'You can modify the settings'\n\n4. HAS BEEN/HAVE BEEN + PAST PARTICIPLE:\n   - 'The document has been created by the user' → 'You created the document'\n   - 'The tests have been completed by the team' → 'The team completed the tests'\n\n5. MODAL + BE + PAST PARTICIPLE:\n   - 'The issue should be resolved by the developer' → 'You should resolve the issue'\n   - 'The task must be completed by tomorrow' → 'You must complete the task by tomorrow'\n   - 'The requirement must be met by developers' → 'You must meet this requirement'",
      "category": "passive_voice_patterns",
      "priority": "high", 
      "conversion_examples": "comprehensive",
      "pattern_coverage": "all_common_constructions"
    },
    {
      "rule_id": "RAG-active_voice_templates",
      "title": "Active Voice Conversion Templates",
      "description": "Template patterns for converting passive voice to active voice",
      "content": "ACTIVE VOICE CONVERSION TEMPLATES:\n\n1. BASIC TEMPLATE:\n   [Agent] + [Active Verb] + [Object] + [Additional Info]\n   \n2. CONVERSION STEPS:\n   Step 1: Identify the agent (who performs the action)\n   Step 2: Identify the action (verb)\n   Step 3: Identify the object (what receives the action)\n   Step 4: Restructure as: Agent + Action + Object\n\n3. SPECIFIC TEMPLATES:\n\n   UPLOAD TEMPLATE:\n   - Passive: 'X was uploaded by Y'\n   - Active: 'Y uploaded X'\n   \n   CREATION TEMPLATE:\n   - Passive: 'X was created by Y'\n   - Active: 'Y created X'\n   \n   PROCESSING TEMPLATE:\n   - Passive: 'X is processed by Y'\n   - Active: 'Y processes X'\n   \n   CONFIGURATION TEMPLATE:\n   - Passive: 'X can be configured by Y'\n   - Active: 'Y can configure X'\n\n4. TENSE PRESERVATION:\n   - Past passive → Past active\n   - Present passive → Present active\n   - Future passive → Future active\n   - Modal passive → Modal active\n\n5. RESPONSE FORMAT:\n   Always provide the conversion in this format:\n   'Active Voice: [converted sentence]'",
      "category": "active_voice_templates",
      "priority": "high",
      "template_type": "conversion_guide",
      "format_requirement": "structured_response"
    }
  ]
}
